nom_mun,population,area_km2,businesses,crimes,ageb,pop_density_km2,businesses_per_1000,crimes_per_1000
Cuauhtémoc,545884,32.499001,67389,28795,153,16796.9470815426,123.4493042477889,52.74930204951968
Benito Juárez,434153,26.680058,24135,15536,102,16272.565824257204,55.59100132902456,35.78461970779886
Miguel Hidalgo,414470,46.387981,25148,12071,130,8934.857501127284,60.67507901657539,29.12394141916182
Venustiano Carranza,443704,33.836355,29057,11723,151,13113.232793544104,65.48735192831256,26.420766997818365
Coyoacán,614447,53.879852,25079,14522,156,11404.02167400163,40.81556261158408,23.634259749010084
Iztacalco,404695,23.077031,17251,9410,110,17536.701320026827,42.62716366646487,23.252078725954114
Azcapotzalco,432205,33.496371,18774,8781,103,12903.039556135796,43.437720526139216,20.316747839566872
Tlalpan,681501,93.656511,25864,13458,207,7276.600342286934,37.95152171456829,19.747586577275747
La Magdalena Contreras,246428,18.228629,8285,4288,52,13518.734733149706,33.62036781534566,17.400620059408833
Álvaro Obregón,759003,69.745487,24698,13152,199,10882.467563815277,32.540055836406445,17.32799475100889
Gustavo A. Madero,1173351,87.836161,50472,19751,305,13358.404860157765,43.01526141793888,16.832985185166248
Tláhuac,382271,39.332205,17082,6424,110,9719.033041752935,44.685576462771174,16.804832174033603
Milpa Alta,128710,27.918018,7082,2155,42,4610.284297402488,55.022919742055784,16.743065806852613
Cuajimalpa de Morelos,212735,32.183917,8820,3508,31,6609.978518152405,41.46003243471925,16.48999929489741
Xochimilco,429481,64.267841,19736,6732,122,6682.673531852423,45.953138788444654,15.674732991680656
Iztapalapa,1835486,112.982908,87891,27212,458,16245.69620742989,47.88432055597264,14.825501256887822
